102553,University of Alaska Anchorage,"3211 Providence Drive, Anchorage, Alaska 99508",www.uaa.alaska.edu
102614,University of Alaska Fairbanks,"505 South Chandalar Drive, Fairbanks, Alaska 99775-7500",www.uaf.edu
102632,University of Alaska Southeast,"11120 Glacier Highway, Juneau, Alaska 99801-8697",www.uas.alaska.edu
102845,Charter College-Anchorage,"2221 E Northern Lights Blvd Ste 120, Anchorage, Alaska 99508",www.chartercollege.edu
103644,Everest College-Phoenix,"10400 N. 25th Avenue, Suite 190, Phoenix, Arizona 85021-1641",www.everestcollegephoenix.edu
103723,Collins College,"4750 S 44th Place, Phoenix, Arizona 85040",www.collinscollege.edu
103945,CollegeAmerica-Flagstaff,"399 Malpais, Flagstaff, Arizona 86001",www.collegeamerica.edu
104090,Brookline College-Phoenix,"2445 W. Dunlap Ave., Ste. 100, Phoenix, Arizona 85021",www.brooklinecollege.edu
104151,Arizona State University-Tempe,"University Drive and Mill Avenue, Tempe, Arizona 85287",www.asu.edu/
104179,University of Arizona,"1401 E University, Tucson, Arizona 85721-0066",www.arizona.edu
104188,Southwest University of Visual Arts-Tucson,"2525 N Country Club Rd, Tucson, Arizona 85716",www.suva.edu
104364,Brown Mackie College-Tucson,"4585 E Speedway Blvd., Tucson, Arizona 85712",www.brownmackie.edu
104586,Embry-Riddle Aeronautical University-Prescott,"3700 Willow Creek Road, Prescott, Arizona 86301-3720",www.erau.edu
104665,Frank Lloyd Wright School of Architecture,"Taliesin West, Scottsdale, Arizona 85261-4430",www.taliesin.edu
104717,Grand Canyon University,"3300 W Camelback Rd, Phoenix, Arizona 85017",www.gcu.edu
105163,ITT Technical Institute-Tucson,"1455 W. River Rd, Tucson, Arizona 85704-5829",www.itt-tech.edu
105172,ITT Technical Institute-Tempe,"5005 S. Wendler Drive, Tempe, Arizona 85282",www.itt-tech.edu
105297,Dine College,"Route 12, One Circle Drive, Tsaile, Arizona 86556",www.dinecollege.edu
105330,Northern Arizona University,"1900 S. Knoles Dr, Babbitt Administrative Center, Flagstaff, Arizona 86011-4132",nau.edu/
105534,Pima Medical Institute-Tucson,"3350 East Grant Road, Suite 200, Tucson, Arizona 85716",pmi.edu
105589,Prescott College,"220 Grove Ave, Prescott, Arizona 86301",www.prescott.edu
106102,Western International University,"1601 W Fountainhead Parkway, Tempe, Arizona 85282",www.west.edu
108250,ITT Technical Institute-Rancho Cordova,"10863 Gold Center Dr, Rancho Cordova, California 95670-6034",www.itt-tech.edu
109651,Art Center College of Design,"1700 Lida St, Pasadena, California 91103",www.artcenter.edu
110185,Brooks Institute,"5301 N. Ventura Ave, Ventura, California 93101",www.brooks.edu
110316,California Institute of Integral Studies,"1453 Mission Street, San Francisco, California 94103",www.ciis.edu
110370,California College of the Arts,"1111 Eighth Street, San Francisco, California 94107-2247",www.cca.edu
110404,California Institute of Technology,"1200 E California Blvd, Pasadena, California 91125",www.caltech.edu
110422,California Polytechnic State University-San Luis Obispo,"1 Grand Ave., San Luis Obispo, California 93407",calpoly.edu
110468,Alliant International University,"10455 Pomerado Road, San Diego, California 92131",www.alliant.edu
110486,California State University-Bakersfield,"9001 Stockdale Hwy, Bakersfield, California 93311-1099",www.csub.edu
110495,California State University-Stanislaus,"One University Circle, Turlock, California 95382-0299",www.csustan.edu
110510,California State University-San Bernardino,"5500 University Pky, San Bernardino, California 92407-2397",www.csusb.edu
110529,California State Polytechnic University-Pomona,"3801 West Temple Avenue, Pomona, California 91768",www.csupomona.edu
110538,California State University-Chico,"First and Normal Sts, Chico, California 95929-0150",www.csuchico.edu
110547,California State University-Dominguez Hills,"1000 E Victoria St, Carson, California 90747-0005",www.csudh.edu
110556,California State University-Fresno,"5241 N Maple Ave, Fresno, California 93740",www.csufresno.edu
110565,California State University-Fullerton,"800 N State College Blvd, Fullerton, California 92831-3599",www.fullerton.edu
110574,California State University-East Bay,"25800 Carlos Bee Blvd, Hayward, California 94542",www.csueastbay.edu
110583,California State University-Long Beach,"1250 Bellflower Blvd, Long Beach, California 90840-0115",www.csulb.edu
110592,California State University-Los Angeles,"5151 State University Dr, Los Angeles, California 90032",www.calstatela.edu
110608,California State University-Northridge,"18111 Nordhoff St, Northridge, California 91330",www.csun.edu
110617,California State University-Sacramento,"6000 J St, Sacramento, California 95819-2694",www.csus.edu
110635,University of California-Berkeley,"200 California Hall, Berkeley, California 94720",www.berkeley.edu
110644,University of California-Davis,"One Shields Avenue, Davis, California 95616-8678",www.ucdavis.edu
110653,University of California-Irvine,"501 Aldrich Hall, Irvine, California 92697",www.uci.edu/
110662,University of California-Los Angeles,"405 Hilgard Ave, Los Angeles, California 90095-1405",www.ucla.edu/
110671,University of California-Riverside,"900 University Ave, Riverside, California 92521",WWW.UCR.EDU
110680,University of California-San Diego,"9500 Gilman Dr, La Jolla, California 92093",www.ucsd.edu
110705,University of California-Santa Barbara,"5221 Cheadle Hall, Santa Barbara, California 93106",www.ucsb.edu
110714,University of California-Santa Cruz,"1156 High St, Santa Cruz, California 95064-1011",www.ucsc.edu/
111081,California Institute of the Arts,"24700 W McBean Pky, Valencia, California 91355-2397",www.calarts.edu
111188,The California Maritime Academy,"200 Maritime Academy Dr, Vallejo, California 94590",https://www.csum.edu
111966,Charles R Drew University of Medicine and Science,"1731 E 120th St, Los Angeles, California 90059",www.cdrewu.edu
112260,Claremont McKenna College,"500 E 9th St, Claremont, California 91711-6400",www.claremontmckenna.edu/
112394,Cogswell College,"1175 Bordeaux  Drive, Sunnyvale, California 94089",www.cogswell.edu
112446,Coleman University,"8888 Balboa Ave, San Diego, California 92123-1506",www.coleman.edu
112570,Columbia College-Hollywood,"18618 Oxnard St, Tarzana, California 91356-1411",www.columbiacollege.edu
113582,Design Institute of San Diego,"8555 Commerce Ave, San Diego, California 92121",WWW.DISD.EDU
113698,Dominican University of California,"50 Acacia Ave, San Rafael, California 94901-2298",www.dominican.edu
114354,Fashion Institute of Design & Merchandising-Los Angeles,"919 S Grand Ave, Los Angeles, California 90015-1421",www.fidm.edu
114390,Fashion Institute of Design & Merchandising-San Francisco,"55 Stockton St, San Francisco, California 94108-5805",WWW.FIDM.EDU
115083,Golden Gate University-San Francisco,"536 Mission Street, San Francisco, California 94105-2968",www.ggu.edu
115409,Harvey Mudd College,"301 Platt Blvd., Claremont, California 91711",https://www.hmc.edu
115755,Humboldt State University,"1 Harpst Street, Arcata, California 95521-8299",www.humboldt.edu
115773,Humphreys College-Stockton and Modesto Campuses,"6650 Inglewood Ave, Stockton, California 95207-3896",www.humphreys.edu
116226,Interior Designers Institute,"1061 Camelback Rd, Newport Beach, California 92660",idi.edu
116466,ITT Technical Institute-National City,"401 Mile of Cars Way, Suite 100, National City, California 91950",www.itt-tech.edu
116475,ITT Technical Institute-San Dimas,"650 W. Cienega Ave., San Dimas, California 91773",www.itt-tech.edu
116484,ITT Technical Institute-Orange,"4000 W. Metropolitian Dr., Suite 100, Orange, California 92868",www.itt-tech.edu
116712,John F. Kennedy University,"100 Ellinwood Way, Pleasant Hill, California 94523-4817",www.jfku.edu
117113,The Art Institute of California-Argosy University San Diego,"7650 Mission Valley Road, San Diego, California 92108-4423",www.artinstitutes.edu/san-diego/
117140,University of La Verne,"1950 Third St, La Verne, California 91750-4401",www.laverne.edu/
117168,Laguna College of Art and Design,"2222 Laguna Canyon Rd, Laguna Beach, California 92651",www.lcad.edu
117557,Lincoln University,"401 15th Street, Oakland, California 94612-2801",www.lincolnuca.edu
117928,The Art Institute of California-Argosy University San Francisco,"1170 Market St, San Francisco, California 94102-4908",www.artinstitutes.edu/san-francisco/
118693,Menlo College,"1000 El Camino Real, Atherton, California 94027-4301",www.menlo.edu
118888,Mills College,"5000 MacArthur Blvd, Oakland, California 94613",www.mills.edu
119058,Monterey Institute of International Studies,"460 Pierce Street, Monterey, California 93940",www.miis.edu
119270,Musicians Institute,"6752 Hollywood Blvd., Hollywood, California 90028",www.mi.edu
119544,The National Hispanic University,"14271 Story Rd, San Jose, California 95127-3823",www.nhu.edu
119605,National University,"11255 North Torrey Pines Road, La Jolla, California 92037-1011",www.nu.edu
119775,Newschool of Architecture and Design,"1249 F St, San Diego, California 92101",www.newschoolarch.edu
120166,Northwestern Polytechnic University,"47671 Westinghouse Drive, Fremont, California 94539",www.npu.edu
120254,Occidental College,"1600 Campus Rd, Los Angeles, California 90041-3392",www.oxy.edu
120403,Otis College of Art and Design,"9045 Lincoln Blvd, Los Angeles, California 90045-3505",www.otis.edu
120698,Palo Alto University,"1791 Arastradero Rd, Palo Alto, California 94304-1337",www.paloaltou.edu
120768,Pacific Oaks College,"55 Eureka Street, Pasadena, California 91103",www.pacificoaks.edu
120838,Pacific States University,"3450 Wilshire Blvd. Suite 500, Los Angeles, California 90010",www.psuca.edu
120883,University of the Pacific,"3601 Pacific Ave, Stockton, California 95211-0197",www.pacific.edu
121257,Pitzer College,"1050 North Mills Avenue, Claremont, California 91711-6101",www.pitzer.edu
121275,Platt College-San Diego,"6250 El Cajon Blvd, San Diego, California 92115-3919",www.platt.edu
121345,Pomona College,"550 N College Ave, Claremont, California 91711-6319",www.pomona.edu
121381,Westwood College-South Bay,"19700 S. Vermont Avenue, Suite 100, Torrance, California 90502",www.westwood.edu
121691,University of Redlands,"1200 E. Colton Ave, Redlands, California 92373-0999",www.redlands.edu
121983,Argosy University-San Francisco Bay Area,"1005 Atlantic Avenue, Alameda, California 94501",www.argosy.edu/sanfrancisco
122296,Samuel Merritt University,"3100 Telegraph Avenue, Oakland, California 94609",www.samuelmerritt.edu
122409,San Diego State University,"5500 Campanile Dr, San Diego, California 92182",www.sdsu.edu
122454,San Francisco Art Institute,"800 Chestnut St, San Francisco, California 94133-2299",www.sfai.edu
122506,San Francisco Conservatory of Music,"50 Oak Street, San Francisco, California 94102-6011",www.sfcm.edu
122597,San Francisco State University,"1600 Holloway Ave, San Francisco, California 94132",www.sfsu.edu
122755,San Jose State University,"1 Washington Sq, San Jose, California 95192-0001",www.sjsu.edu
122834,Santa Barbara Business College-Bakersfield,"5300 California Avenue, Bakersfield, California 93309",sbbcollege.edu
122843,Westwood College-Los Angeles,"3250 Wilshire Blvd Ste 400, Los Angeles, California 90010",www.westwood.edu
122852,Santa Barbara Business College-Santa Maria,"303 E Plaza Dr Ste 1, Santa Maria, California 93454",sbbcollege.edu
123165,Scripps College,"1030 North Columbia Avenue, Claremont, California 91711-3905",www.scrippscollege.edu
123572,Sonoma State University,"1801 E Cotati Ave, Rohnert Park, California 94928-3609",www.sonoma.edu
123633,South Baylo University,"1126 N Brookhurst St, Anaheim, California 92801-1701",WWW.SOUTHBAYLO.EDU
123952,Southern California Institute of Architecture,"960 E. 3rd Street, Los Angeles, California 90013-1822",www.sciarc.edu
123961,University of Southern California,"University Park, Los Angeles, California 90089",www.usc.edu/
125727,Westmont College,"955 La Paz Rd, Santa Barbara, California 93108-1089",www.westmont.edu
125763,Whittier College,"13406 E Philadelphia Street, Whittier, California 90601",www.whittier.edu
125897,Woodbury University,"7500 Glenoaks Blvd, Burbank, California 91510-7846",woodbury.edu/
126076,Yeshiva Ohr Elchonon Chabad West Coast Talmudical Seminary,"7215 Waring Ave, Los Angeles, California 90046",www.yoec.edu/
126182,Adams State University,"208 Edgemont Blvd, Alamosa, Colorado 81101",www.adams.edu
126562,University of Colorado Denver,"1380 Lawrence Street, Lawrence Street Center, Suite 1400, Denver, Colorado 80217-3364",www.ucdenver.edu/
126580,University of Colorado Colorado Springs,"1420 Austin Bluffs Parkway, Colorado Springs, Colorado 80918",www.uccs.edu
126614,University of Colorado Boulder,"Regent Drive at Broadway, Boulder, Colorado 80309-0017",www.colorado.edu
126678,Colorado College,"14. E Cache La Poudre St., Colorado Springs, Colorado 80903",www.coloradocollege.edu
126702,The Art Institute of Colorado,"1200 Lincoln Street, Denver, Colorado 80203-2983",www.artinstitutes.edu/denver/
126711,Colorado Mountain College,"802 Grand Ave., Glenwood Springs, Colorado 81601-0233",coloradomtn.edu/
126775,Colorado School of Mines,"1500 Illinois St, Golden, Colorado 80401",www.mines.edu
126818,Colorado State University-Fort Collins,"102 Administration Building, Fort Collins, Colorado 80523-0100",www.colostate.edu
126827,Colorado Technical University-Colorado Springs,"4435 N Chestnut Street, Colorado Springs, Colorado 80907-3812",www.coloradotech.edu/Colorado-Springs
126872,CollegeAmerica-Denver,"1385 S Colorado Blvd., 5th Floor, Denver, Colorado 80222",www.collegeamerica.edu
127024,Westwood College-Denver North,"7350 N Broadway, Denver, Colorado 80221",www.westwood.edu
127060,University of Denver,"2199 S. University Blvd, Denver, Colorado 80208",www.du.edu
127185,Fort Lewis College,"1000 Rim Drive, Durango, Colorado 81301-3999",fortlewis.edu/
127556,Colorado Mesa University,"1100 North Avenue, Grand Junction, Colorado 81501-3122",www.coloradomesa.edu
127565,Metropolitan State University of Denver,"Speer Blvd and Colfax Ave, Denver, Colorado 80217-3362",www.msudenver.edu/
127653,Naropa University,"2130 Arapahoe Ave, Boulder, Colorado 80302-6697",www.naropa.edu
127680,National American University-Colorado Springs,"1915 Jamboree Drive,  Suite 185, Colorado Springs, Colorado 80920",www.national.edu/locations/colorado/colorado-springs
127699,National American University-Denver,"1325 S. Colorado Boulevard, Suite 100, Denver, Colorado 80222-3308",www.national.edu/locations/colorado/denver
127741,University of Northern Colorado,"Carter Hall - Rm 4000, Greeley, Colorado 80639",www.unco.edu
127945,Rocky Mountain College of Art and Design,"1600 Pierce St, Lakewood, Colorado 80214",www.rmcad.edu
128106,Colorado State University-Pueblo,"2200 Bonforte Blvd, Pueblo, Colorado 81001-4901",www.csupueblo.edu
128328,United States Air Force Academy,"2304 Cadet Drive, Suite 3800, USAFA, Colorado 80840-5002",www.usafa.edu
128391,Western State Colorado University,"600 N Adams, Gunnison, Colorado 81231",www.western.edu
128425,Yeshiva Toras Chaim Talmudical Seminary,"1555 Stuart St, Denver, Colorado 80204",
141565,University of Hawaii at Hilo,"200 W Kawili St, Hilo, Hawaii 96720-4091",hilo.hawaii.edu
141574,University of Hawaii at Manoa,"2500 Campus Road, Hawaii Hall, Honolulu, Hawaii 96822-2217",manoa.hawaii.edu
141644,Hawaii Pacific University,"1164 Bishop Street, Suite 800, Honolulu, Hawaii 96813",www.hpu.edu
141839,University of Hawaii Maui College,"310 W Kaahumanu Ave, Kahului, Hawaii 96732-1617",maui.hawaii.edu
141981,University of Hawaii-West Oahu,"91-1001 Farrington Highway, Kapolei, Hawaii 96707-4507",uhwo.hawaii.edu
142115,Boise State University,"1910 University Dr, Boise, Idaho 83725",www.boisestate.edu
142276,Idaho State University,"921 S 8th Ave, Pocatello, Idaho 83209",www.isu.edu/
142285,University of Idaho,"875 Perimeter Drive, Moscow, Idaho 83844-2282",www.uidaho.edu
142294,The College of Idaho,"2112 Cleveland Blvd, Caldwell, Idaho 83605-4432",www.collegeofidaho.edu
142328,Lewis-Clark State College,"500 8th Ave, Lewiston, Idaho 83501-2698",www.lcsc.edu
142337,ITT Technical Institute-Boise,"12302 W. Explorer Dr, Boise, Idaho 83713-1529",www.itt-tech.edu
154022,Ashford University,"8620 Spectrum Center Boulevard, San Diego, California 92123",www.ashford.edu
180179,Montana State University-Billings,"1500 University Drive, Billings, Montana 59101-0298",www.msubillings.edu
180416,Montana Tech of the University of Montana,"1300 W Park St, Butte, Montana 59701-8997",www.mtech.edu
180461,Montana State University,"Montana State University, Bozeman, Montana 59717",www.montana.edu/
180489,The University of Montana,"Missoula, Montana, Missoula, Montana 59812",www.umt.edu
180522,Montana State University-Northern,"300 W 11th St, Havre, Montana 59501",www.msun.edu
180647,Salish Kootenai College,"58138 US  Highway 93, Pablo, Montana 59855",www.skc.edu
180692,The University of Montana-Western,"710 S Atlantic, Dillon, Montana 59725-3598",www.umwestern.edu
182005,College of Southern Nevada,"6375 W. Charleston Blvd., Las Vegas, Nevada 89146-1164",www.csn.edu
182111,The Art Institute of Las Vegas,"2350 Corporate Circle, Henderson, Nevada 89074-7737",www.ailv.artinstitutes.edu
182281,University of Nevada-Las Vegas,"4505 S Maryland Pky, Las Vegas, Nevada 89154",www.unlv.edu/
182290,University of Nevada-Reno,"North Virginia Street, Reno, Nevada 89557",www.unr.edu/
182306,Great Basin College,"1500 College Parkway, Elko, Nevada 89801",www.gbcnv.edu
182458,Sierra Nevada College,"999 Tahoe Blvd., Incline Village, Nevada 89451",www.sierranevada.edu
182564,Western Nevada College,"2201 West College Parkway, Carson City, Nevada 89703-7399",www.wnc.edu
208239,The Art Institute of Portland,"1122 NW Davis St., Portland, Oregon 97209-2911",www.artinstitutes.edu/portland/
208646,Eastern Oregon University,"One University Blvd, La Grande, Oregon 97850",www.eou.edu
208965,ITT Technical Institute-Portland,"9500 NE Cascades Parkway, Portland, Oregon 97220",www.itt-tech.edu
209056,Lewis & Clark College,"0615 S W Palatine Hill Rd, Portland, Oregon 97219-7899",www.lclark.edu/
209287,Multnomah University,"8435 NE Glisan St, Portland, Oregon 97220",www.multnomah.edu
209490,Oregon Health & Science University,"3181 SW Sam Jackson Park Rd, Portland, Oregon 97239-3098",www.ohsu.edu/xd
209506,Oregon Institute of Technology,"3201 Campus Drive, Klamath Falls, Oregon 97601-8801",www.oit.edu
209533,Oregon College of Art and Craft,"8245 SW Barnes Rd, Portland, Oregon 97225",www.ocac.edu
209542,Oregon State University,"1500 S.W. Jefferson, Corvallis, Oregon 97331",oregonstate.edu
209551,University of Oregon,"110 Johnson Hall, Eugene, Oregon 97403",www.uoregon.edu
209603,Pacific Northwest College of Art,"1241 NW Johnson, Portland, Oregon 97209-3023",www.pnca.edu
209612,Pacific University,"2043 College Way, Forest Grove, Oregon 97116",www.pacificu.edu
209807,Portland State University,"724 SW Harrison, Portland, Oregon 97201",www.pdx.edu
209922,Reed College,"3203 SE Woodstock Blvd, Portland, Oregon 97202-8199",www.reed.edu
210076,Pioneer Pacific College,"27501 SW Parkway Ave, Wilsonville, Oregon 97070-9296",www.pioneerpacific.edu
210146,Southern Oregon University,"1250 Siskiyou Blvd, Ashland, Oregon 97520",www.sou.edu
210401,Willamette University,"900 State St, Salem, Oregon 97301",www.willamette.edu
210429,Western Oregon University,"345 North Monmouth Ave, Monmouth, Oregon 97361-1394",www.wou.edu
210438,University of Western States,"2900 NE 132nd Ave, Portland, Oregon 97230-3099",https://www.uws.edu/
230056,Broadview University-West Jordan,"1902 W 7800 S, West Jordan, Utah 84088",www.broadviewuniversity.edu/
230171,Dixie State University,"225 S 700 E, Saint George, Utah 84770-3876",www.dixie.edu/
230366,Eagle Gate College-Murray,"5588 South Green Street, Murray, Utah 84123-6965",EAGLEGATECOLLEGE.EDU
230384,ITT Technical Institute-Murray,"920 W Levoy Dr, Murray, Utah 84123",www.itt-tech.edu
230472,Everest College-Salt Lake City,"3280 W 3500 S, West Valley City, Utah 84119-2632",www.everest.edu/campus/salt_lake_city
230597,Snow College,"150 E College Ave, Ephraim, Utah 84627",www.snow.edu
230603,Southern Utah University,"351 West University Blvd, Cedar City, Utah 84720",www.suu.edu/
230621,Stevens-Henager College,"1350 W. 1890 S., West Haven, Utah 84401",www.stevenshenager.edu
230630,Stevens-Henager College,"1476 Sandhill Road, Orem, Utah 84058",www.stevenshenager.edu/locations/st-george
230728,Utah State University,"Old Main Hill, Logan, Utah 84322-1400",www.usu.edu
230737,Utah Valley University,"800 W University Parkway, Orem, Utah 84058-5999",www.uvu.edu
230764,University of Utah,"201 Presidents Circle, ROOM 201, Salt Lake City, Utah 84112-9008",www.utah.edu
230782,Weber State University,"3850 Dixon Parkway Dr. Dept. 1031, Ogden, Utah 84408-1031",www.weber.edu
230807,Westminster College,"1840 South 1300 East, Salt Lake City, Utah 84105",www.westminstercollege.edu
234492,The Art Institute of Seattle,"2323 Elliott Ave, Seattle, Washington 98121-1622",www.ais.edu
234669,Bellevue College,"3000 Landerholm Cir SE, Bellevue, Washington 98007-6484",bellevuecollege.edu/
234827,Central Washington University,"400 East University Way, Ellensburg, Washington 98926-7501",www.cwu.edu
234845,Centralia College,"600 Centralia College Blvd., Centralia, Washington 98531-4099",www.centralia.edu
234915,City University of Seattle,"521 Wall Street, Suite 100, Seattle, Washington 98121",www.cityu.edu
234979,Columbia Basin College,"2600 N 20th Ave, Pasco, Washington 99301",www.columbiabasin.edu
235024,Cornish College of the Arts,"1000 Lenora Street, Seattle, Washington 98121",www.cornish.edu
235097,Eastern Washington University,"526 5th Street, Cheney, Washington 99004-2496",www.ewu.edu
235167,The Evergreen State College,"2700 Evergreen Pkwy NW, Olympia, Washington 98505-0001",www.evergreen.edu
235422,Heritage University,"3240 Fort Rd, Toppenish, Washington 98948",www.heritage.edu
235510,ITT Technical Institute-Seattle,"12720 Gateway Dr Ste 100, Seattle, Washington 98168-2610",www.itt-tech.edu
235529,ITT Technical Institute-Spokane Valley,"13518 E Indiana Avenue, Spokane Valley, Washington 99216-1589",www.itt-tech.edu
235547,Bastyr University,"14500 Juanita Drive NE, Kenmore, Washington 98028-4966",www.bastyr.edu
235699,Lake Washington Institute of Technology,"11605 132nd Ave NE, Kirkland, Washington 98034-8506",www.lwtech.edu
236072,North Seattle College,"9600 College Way North, Seattle, Washington 98103-3599",www.northseattle.edu
236188,Olympic College,"1600 Chester Ave, Bremerton, Washington 98337-1699",www.olympic.edu
236258,Peninsula College,"1502 E Lauridsen Blvd, Port Angeles, Washington 98362",www.pencol.edu
236328,University of Puget Sound,"1500 N. Warner Street, Tacoma, Washington 98416",www.pugetsound.edu
236504,South Seattle College,"6000 16th Ave SW, Seattle, Washington 98106-1499",southseattle.edu
236513,Seattle Central College,"1701 Broadway Avenue, Seattle, Washington 98122",www.seattlecentral.edu
236939,Washington State University,"French Administration Building, Pullman, Washington 99164-5910",wsu.edu/
236948,University of Washington-Seattle Campus,"1400 NE Campus Parkway, Seattle, Washington 98195-4550",www.washington.edu
237011,Western Washington University,"516 High Street, Bellingham, Washington 98225-9008",www.wwu.edu
237057,Whitman College,"345 Boyer Ave, Walla Walla, Washington 99362",www.whitman.edu
240727,University of Wyoming,"Corner of Ninth and Ivinson, Laramie, Wyoming 82071",www.uwyo.edu
243744,Stanford University,"Stanford, California 94305",www.stanford.edu/
244011,ITT Technical Institute-Sylmar,"12669 Encinitas Ave, Sylmar, California 91342-3664",www.itt-tech.edu
244154,ITT Technical Institute-Westminster,"8620 Wolff Court, Suite 100, Westminster, Colorado 80031",www.itt-tech.edu
245838,Antioch University-Los Angeles,"400 Corporate Pointe, Culver City, California 90230-7615",www.antiochla.edu
245847,Antioch University-Santa Barbara,"602 Anacapa Street, Santa Barbara, California 93101",www.antiochsb.edu
245883,Antioch University-Seattle,"2326 6th Ave, Seattle, Washington 98121-1814",www.antiochseattle.edu
260789,Platt College-Los Angeles,"1000 South Fremont Avenue, A10, Alhambra, California 91803",www.plattcollege.edu
260813,Platt College-Aurora,"3100 S Parker Rd, Aurora, Colorado 80014-3141",www.plattcolorado.edu
262086,Brandman University,"16355 Laguna Canyon Road, Irvine, California 92618",www.brandman.edu/
262332,Le Cordon Bleu College of Culinary Arts-Scottsdale,"8100 E Camelback Rd, Suite 1001, Scottsdale, Arizona 85251-2729",www.chefs.edu/scottsdale
363934,University of Advancing Technology,"2625 W Baseline Rd, Tempe, Arizona 85283",www.uat.edu
366711,California State University-San Marcos,"333 S Twin Oaks Valley Rd, San Marcos, California 92096-0001",www.csusm.edu
366748,Argosy University-Hawaii,"1001 Bishop Street, Suite 400, Honolulu, Hawaii 96813",www.argosy.edu/hawaii/
367839,Colorado Heights University,"3001 S Federal Blvd, Denver, Colorado 80236-2711",WWW.CHU.EDU
372073,Fremont College,"18000 Studebaker Road Suite 900A, Cerritos, California 90703",www.fremont.edu
372958,Remington College-Honolulu Campus,"1111 Bishop St Ste 400, Honolulu, Hawaii 96813-2811",www.remingtoncollege.edu/honolulu-hawaii-colleges-career-schools
377546,Northwest College of Art & Design,"16301 Creative Dr NE, Poulsbo, Washington 98370",www.ncad.edu
377555,University of Washington-Bothell Campus,"18115 Campus Way NE, Bothell, Washington 98011-8246",www.uwb.edu
377564,University of Washington-Tacoma Campus,"1900 Commerce St, Tacoma, Washington 98402-3100",www.tacoma.uw.edu/
378406,ITT Technical Institute-Torrance,"2555 W. 190th Street, Suite 125, Torrance, California 90504",www.itt-tech.edu
378576,Pacific College of Oriental Medicine-San Diego,"7445 Mission Valley Rd Ste 105, San Diego, California 92108-4407",www.PacificCollege.edu
380377,Northwest Indian College,"2522 Kwina Rd, Bellingham, Washington 98226-9217",www.nwic.edu
380465,University of Phoenix-Utah,"5373 S. Green Street, Salt Lake City, Utah 84123-4642",www.phoenix.edu
381787,Westwood College-Denver South,"3150 S Sheridan Blvd, Denver, Colorado 80227-5507",www.westwood.edu
381909,ITT Technical Institute-San Bernardino,"670 E Carnegie Drive, San Bernardino, California 92408",www.itt-tech.edu
397270,Bristol University,"2390 E. Orangewood Ave., Suite 485, Anaheim, California 92806-6198",www.bristoluniversity.edu
398130,Mt Sierra College,"101 E Huntington Dr, Monrovia, California 91016",www.mtsierra.edu
399869,Southern California Institute of Technology,"525 N. Muller Street, Anaheim, California 92801-3758",www.scitech.edu
399911,Soka University of America,"1 University Drive, Aliso Viejo, California 92656-8081",www.soka.edu
407009,Arizona State University-West,"4701 W Thunderbird Road, Glendale, Arizona 85306",www.asu.edu/
409698,California State University-Monterey Bay,"100 Campus Center, Seaside, California 93955-8001",www.csumb.edu
410502,The Art Institute of California-Argosy University Hollywood,"5250 Lankershim Blvd, North Hollywood, California 91601",www.aicdc.artinstitutes.edu
413848,ITT Technical Institute-Oxnard,"2051 Solar Dr Suite 150, Oxnard, California 93036",www.itt-tech.edu
414531,ITT Technical Institute-Everett,"1615 75th Street Sw, Suite 220, Everett, Washington 98203",www.itt-tech.edu
420042,University of Phoenix-Hawaii,"745 Fort Street, Honolulu, Hawaii 96813-3800",www.phoenix.edu
420574,Arizona State University-Polytechnic,"7001 E Williams Field Road, Mesa, Arizona 85212",www.asu.edu/
422695,Pacific College,"3160 Red Hill Ave, Costa Mesa, California 92626",pacific-college.edu
428444,The Art Institute of Phoenix,"2233 W Dunlap Ave, Phoenix, Arizona 85021-2859",www.artinstitutes.edu/phoenix/
429599,ITT Technical Institute-Henderson,"2300 Corporate Circle, Suite 100, Henderson, Nevada 89074",www.itt-tech.edu
430087,Colorado Technical University-Greenwood Village,"3151 S Vaughn Way, Aurora, Colorado 80014",www.coloradotech.edu/Denver
432223,University of Phoenix-Washington,"7100 Fort Dent Way, Tukwila, Washington 98188-8553",www.phoenix.edu
432241,University of Phoenix-Oregon,"Triangle Corporate Park, 13221 SW 68th Pkwy, Tigard, Oregon 97223-8328",www.phoenix.edu
432384,Platt College-Ontario,"3700 Inland Empire Boulevard, Ontario, California 91764",www.plattcollege.edu
432533,The Art Institute of California-Argosy University Los Angeles,"Santa Monica Bus Park, 2900 31st St, Santa Monica, California 90405-3035",www.artinstitutes.edu/los-angeles/
433004,American University of Health Sciences,"1600 East Hill St, Signal Hill, California 90755-3612",www.auhs.edu
433387,Western Governors University,"4001 East 700 South, Suite 700, Salt Lake City, Utah 84107",www.wgu.edu
433420,Santa Barbara Business College-Ventura,"4839 Market Street, Ventura, California 93003",www.sbbcollege.edu
436094,Argosy University-Phoenix,"2233 West Dunlap Avenue, Phoenix, Arizona 85021",www.argosy.edu/phoenix/
436429,Los Angeles Film School,"6363 Sunset Blvd, Hollywood, California 90028-7318",www.lafilm.edu
436438,Argosy University-Orange County,"601 South Lewis Street, Orange, California 92868",www.argosy.edu/orange-county-southern-california/default.aspx
437219,ITT Technical Institute-Lathrop,"16916 S. Harlan Rd, Lathrop, California 95330",www.itt-tech.edu
437848,Westwood College-Anaheim,"1551 S. Douglass Rd, Anaheim, California 92806",www.westwood.edu
438151,Stevens-Henager College,"383 W Vine St, Murray, Utah 84123-5671",www.stevenshenager.edu
438179,Brookline College-Tucson,"5441 E. 22nd St, Ste.125, Tucson, Arizona 85711",www.brooklinecollege.edu
439057,Argosy University-Seattle,"2601-A Elliott Avenue, Seattle, Washington 98121",www.argosy.edu/seattle
439288,Johnson & Wales University-Denver,"7150 Montview Blvd, Denver, Colorado 80220",www.jwu.edu
440299,Everest College-Ontario Metro,"1819 South Excise Avenue, Ontario, California 91761",www.everest.edu/campus/ontario_metro
440466,University of Phoenix-Idaho,"1422 S. Tech Lane, Meridian, Idaho 83642-5114",www.phoenix.edu
440484,Westwood College-Inland Empire,"20 W 7th St, Upland, California 91786-7148",www.westwood.edu
441900,Nevada State College,"1125 Nevada State Drive, Henderson, Nevada 89002",nsc.edu
441937,California State University-Channel Islands,"One University Dr, Camarillo, California 93012",www.csuci.edu
441973,The Art Institute of California-Argosy University Orange County,"3601 W Sunflower Ave., Suite 100, Santa Ana, California 92704",www.aicaoc.artinstitutes.edu
442930,University of Antelope Valley,"44055 Sierra Highway, Lancaster, California 93534",www.uav.edu/index.aspx?page=288
442949,Birthingway College of Midwifery,"12113 SE Foster Rd, Portland, Oregon 97266",www.birthingway.edu
443331,West Coast University-Los Angeles,"12215 Victory Boulevard, North Hollywood, California 91606",westcoastuniversity.edu/
443410,DigiPen Institute of Technology,"9931 Willows Rd NE, Redmond, Washington 98052",www.digipen.edu
444130,Northcentral University,"10000 E. University Dr, Prescott Valley, Arizona 86314",www.ncu.edu
444158,Colorado Technical University-Online,"4435 N Chestnut, Suite E, Colorado Springs, Colorado 80907",www.coloradotech.edu/CTU-Online
444723,Jones International University,"9697 East Mineral Avenue, Centennial, Colorado 80112",www.jiu.edu
444927,The Art Institute of Tucson,"5099 E. Grant Rd. #100, Tucson, Arizona 85712",www.artinstitutes.edu/tucson
445188,University of California-Merced,"5200 North Lake Road, Merced, California 95343-5603",www.ucmerced.edu
445692,Neumont University,"143 South Main Street, Salt Lake City, Utah 84111-1917",www.neumont.edu/
445735,Roseman University of Health Sciences,"11 Sunset Way, Henderson, Nevada 89014",www.roseman.edu
446561,Stanbridge College,"2041 Business Ctr Dr Ste 107, Irvine, California 92612",www.stanbridge.edu
446677,Stevens-Henager College,"755 S Main St, Logan, Utah 84321",www.stevenshenager.edu/
446792,Sanford-Brown College-Las Vegas,"2495 Village View Drive, Henderson, Nevada 89074",www.sanfordbrown.edu/Las-Vegas
446808,Sanford-Brown College-Seattle,"645 Andover Park West, Tukwila, Washington 98188-0000",www.sanfordbrown.edu/Seattle
447050,United States University,"830 Bay Boulevard, Chula Vista, California 91911",www.usuniversity.edu
447236,Everest College-Mesa,"5416 East Baseline Ste. 200, Mesa, Arizona 85206",www.everestcollegephoenix.edu
447263,AmeriTech College-Draper,"12257 South Business Park Drive-Ste 108, Draper, Utah 84020-6545",www.ameritech.edu
447272,Argosy University-Los Angeles,"5230 Pacific Concourse, Suite 200, Los Angeles, California 90045",www.argosy.edu/los-angeles-california/default.aspx
447421,Eagle Gate College-Layton,"915 N 400 W, Layton, Utah 84041",www.eaglegatecollege.edu
447458,Expression College for Digital Arts,"6601 Shellmond St, Emeryville, California 94608",www.expression.edu
448239,Careers Unlimited,"1176 South 1480 West, Orem, Utah 84058",www.ucdh.edu
448451,ITT Technical Institute-Clovis,"362 North Clovis Ave, Clovis, California 93612",www.itt-tech.edu
448576,The Art Institute of California-Argosy University Inland Empire,"674 East Brier Drive, San Bernardino, California 92408-2800",www.artinstitutes.edu/inlandempire
448734,Argosy University-Denver,"7600 East Eastman Avenue, Denver, Colorado 80231",www.argosy.edu/denver/
448752,CollegeAmerica-Colorado Springs,"3645 Citadel Drive South, Colorado Springs, Colorado 80909",www.collegeamerica.edu/
448761,CollegeAmerica-Fort Collins,"4601 South Mason St, Fort Collins, Colorado 80525",www.collegeamerica.edu
448886,Arizona State University-Downtown Phoenix,"411 N Central Avenue - Ste 520, Phoenix, Arizona 85004",www.asu.edu/
449870,University of the West,"1409 N Walnut Grove Ave, Rosemead, California 91770",www.uwest.edu
450049,The Art Institute of Salt Lake City,"121 W Election Rd, Draper, Utah 84020",www.artinstitutes.edu/saltlakecity/
450094,The Art Institute of California-Argosy University Sacramento,"2850 Gateway Oaks Dr., Suite 100, Sacramento, California 95833",www.artinstitutes.edu/sacramento/
450429,Broadview University-Layton,"869 West Hill Field Road, Layton, Utah 84041",www.broadviewuniversity.edu/
450447,International Academy of Design and Technology-Sacramento,"2450 Del Paso Road-St 250, Sacramento, California 95834",www.iadtsacramento.com
450526,Argosy University-Inland Empire,"3401 Centre Lake Drive, Suite 200, Ontario, California 91761",www.argosy.edu/inland-empire-california/default.aspx
450544,Argosy University-San Diego,"1615 Murray Canyon Road, Suite 100, San Diego, California 92108",www.argosy.edu/sandiego
450979,Trident University International,"5757 Plaza Drive, Suite 100, Cypress, California 90630-5041",www.trident.edu/
451705,CollegeAmerica-Cheyenne,"6101 Yellowstone Rd Ste 101, Cheyenne, Wyoming 82009",www.collegeamerica.edu
451848,The Art Institute of California-Argosy University-Silicon Valley,"1120 Kifer Rd, Sunnyvale, California 94086",www.artinstitutes.edu/silicon-valley/
451972,ITT Technical Institute-Phoenix,"10220 North 25th Ave, Ste 100, Phoenix, Arizona 85021",www.itt-tech.edu
452090,Argosy University-Salt Lake City,"121 Election Rd Ste 300, Draper, Utah 84020",www.argosy.edu/locations/salt-lake-city/default.aspx
454245,Chamberlain College of Nursing-Arizona,"2149 West Dunlap Ave., Phoenix, Arizona 85021",www.chamberlain.edu
454591,Broadview University-Orem,"898 N 1200 W, Orem, Utah 84057",www.broadviewuniversity.edu/
454689,Taft University System,"600 South Cherry Street, Denver, Colorado 80246",www.taftu.edu
454829,Aspen University,"720 S Colorado Blvd Ste 1150N, Denver, Colorado 80246",www.aspen.edu
454856,Denver School of Nursing,"1401 19th St, Denver, Colorado 80202",www.denverschoolofnursing.edu/
455600,Brown Mackie College-Boise,"9050 W Overland Rd, Ste 101, Boise, Idaho 83709",www.brownmackie.edu/
456348,Argosy University-Phoenix Online Division,"2233 West Dunlap Avenue, Phoenix, Arizona 85021",www.argosy.edu/phoenix
456427,ITT Technical Institute-Concord,"1140 Galaxy Way Ste 400, Concord, California 94520",www.itt-tech.edu
456612,Brown Mackie College-Phoenix,"13430 N Black Canyon Ste. 190, Phoenix, Arizona 85029",www.brownmackie.edu
457299,Angeles College,"3440 Wilshire Blvd Ste 310, Los Angeles, California 90010",www.angelescollege.edu
458210,West Coast University-Orange County,"1477 S Manchester Ave, Anaheim, California 92802",westcoastuniversity.edu/
458229,West Coast University-Ontario,"2855 E. Guasti Rd, Ontario, California 91761",westcoastuniversity.edu/
459091,Broadview Entertainment Arts University,"240 E Morris Ave, Salt Lake City, Utah 84115",beau.broadviewuniversity.edu/
459204,Unitek College,"4670 Auto Mall Pkwy, Fremont, California 94538",unitekcollege.edu/
459639,ITT Technical Institute-Corona,"4160 Temescal Canyon Rd Ste 100, Corona, California 92883",www.itt-tech.edu
459675,ITT Technical Institute-Aurora,"12500 E Iliff Ave Ste 100, Aurora, Colorado 80014",www.itt-tech.edu
459684,ITT Technical Institute-West Covina,"650 West Cienega Avenue, Suite 100, San Dimas, California 91773",www.itt-tech.edu
459693,ITT Technical Institute-Culver City,"6101 W Centinela Ave, SUite 180, Culver City, California 90230",www.itt-tech.edu
459718,ITT Technical Institute-Las Vegas,"3825 W Cheyenne Ave Ste 600, North Las Vegas, Nevada 89032",www.itt-tech.edu
459727,Touro University Worldwide,"10601 Calle Lee  #179, Los Alamitos, California 90720",www.tuw.edu
460075,California University of Management and Sciences,"721 N Euclid St, Anaheim, California 92801",www.calums.edu
460729,Allied American University,"22952 Alcalde Drive, Laguna Hills, California 92653-1337",allied.edu
460738,American Sentinel University,"2260 South Xanadu Way, Aurora, Colorado 80014-6510",www.americansentinel.edu
460899,Stevens-Henager College,"1444 Entertainment Avenue, Boise, Idaho 83709-6733",www.stevenshenager.edu/
461023,National Paralegal College,"717 E Maryland Ave, Phoenix, Arizona 85014-1561",nationalparalegal.edu
461148,New York Film Academy,"3300 West Riverside Drive, Burbank, California 91505",www.nyfa.edu
461643,Bergin University of Canine Studies,"5860 Labath Avenue, Rohnert Park, California 94928",www.berginu.edu
465812,Independence University,"4021 S 700 E Ste 400, Salt Lake City, Utah 84107",www.independence.edu
466161,National American University-Centennial,"8242 South University Blvd, Suite 100, Centennial, Colorado 80122-3157",www.national.edu/locations/colorado/centennial
466189,National American University-Colorado Springs South,"1079 Space Center Drive, Suite 140, Colorado Springs, Colorado 80915-3612",www.national.edu/locations/colorado/colorado-springs-south
467058,ITT Technical Institute-Oakland,"7901 Oakport Street, Oakland, California 94621-2015",www.itt-tech.edu/npc
467793,Broadview University-Boise,"2750 East Gala Court, Meridian, Idaho 83642-0000",www.broadviewuniversity.edu/
470861,ITT Technical Institute-Phoenix West,"1840 North 95th Avenue, Suite 132, Phoenix, Arizona 85037-4445",www.itt-tech.edu
474890,CollegeAmerica-Phoenix,"9801 N. Metro Parkway East, Phoenix, Arizona 85051",www.collegeamerica.edu
474906,Stevens-Henager College,"901 Pier View Drive Suite 105, Idaho Falls, Idaho 83402",www.stevenshenager.edu/
475635,Academy of Couture Art,"8484 Wilshire Blvd Suite #730, Beverly Hills, California 90211",www.academyofcoutureart.edu/
476975,Colorado State University-Global Campus,"7800 East Orchard Road Ste 200, Greenwood Village, Colorado 80111-0000",csuglobal.edu
477950,Stevens-Henager College,"720 South River Road, St. George, Utah 84790-2111",www.stevenshenager.edu/locations/st-george
478634,California College San Diego,"277 Rancheros Drive, Suite 200, San Marcos, California 92069-2971",www.cc-sd.edu
479600,ITT Technical Institute-Salem,"4825 Commercial Street SE, Salem, Oregon 97306-1905",www.itt-tech.edu
480204,Platt College-Riverside,"6465 Sycamore Canyon Blvd Ste 100, Riverside, California 92507",www.plattcollege.edu
480781,California Miramar University,"9750 Miramar Road, Suite 180, San Diego, California 92126",www.calmu.edu
480985,Midwives College of Utah,"1174 East Graystone Way, Suite #2, Salt Lake City, Utah 84106",www.midwifery.edu/
482389,National American University-Tigard,"13333 South West 68th Parkway, Tigard, Oregon 97223-8304",www.national.edu/tigard
482422,DeVry University-Arizona,"2149 W Dunlap Ave, Phoenix, Arizona 85021",www.devry.edu
482431,DeVry University-California,"901 Corporate Center Dr, Pomona, California 91768",www.devry.edu
482440,DeVry University-Colorado,"1870 W 122nd Ave, Westminster, Colorado 80234",www.devry.edu
482547,DeVry University-Nevada,"2490 Paseo Verde Pkwy., Ste. 150, Henderson, Nevada 89074",www.devry.edu
482592,DeVry University-Oregon,"9755 SW Barnes Rd., Ste 150, Portland, Oregon 97225",www.devry.edu
482644,DeVry University-Utah,"9350 S 150 E., Ste. 420, Sandy, Utah 84070",www.devry.edu
482662,DeVry University-Washington,"3600 S 344th Way, Federal Way, Washington 98001",www.devry.edu
482990,Arizona College-Mesa,"163 N Dobson Rd, Mesa, Arizona 85201",www.arizonacollege.edu
483124,Arizona State University-Skysong,"1475 N Scottsdale Road - Ste 200, Scottsdale, Arizona 85257",www.asu.edu/
483586,California International Business University,"520 W Ash Street Ste 300, San Diego, California 92101",www.cibu.edu
484613,University of Phoenix-Arizona,"1625 West Fountainhead Parkway, Tempe, Arizona 85282",www.phoenix.edu
484631,University of Phoenix-California,"3090 Bristol Street, Costa Mesa, California 92626",www.phoenix.edu
484640,University of Phoenix-Colorado,"10004 Park Meadows Dr, Lone Tree, Colorado 80124",www.phoenix.edu
484710,University of Phoenix-Nevada,"3755 Breakthrough Way, Las Vegas, Nevada 89135",www.phoenix.edu
484844,Minerva Schools at Keck Graduate Institute,"535 Watson Drive, Claremont, California 91711",minerva.kgi.edu
485078,Trine University-Arizona Regional Campus,"14100 N. 83rd. Avenue, Suite 100, Peoria, Arizona 85381-4621",www.trine.edu/peoria/
485263,California College San Diego,"6602 Convoy Court Ste 100, San Diego, California 92111",www.cc-sd.edu